{
  "_format": "hh-sol-cache-2",
  "files": {
    "/Users/vishnuvardhanm/Downloads/farmingsupplychain/contracts/Token.sol": {
      "lastModificationDate": 1730967976129,
      "contentHash": "6ddac8b6ffadc858a77655745212daa1",
      "sourceName": "contracts/Token.sol",
      "solcConfig": {
        "version": "0.8.27",
        "settings": {
          "evmVersion": "paris",
          "optimizer": {
            "enabled": false,
            "runs": 200
          },
          "outputSelection": {
            "*": {
              "*": [
                "abi",
                "evm.bytecode",
                "evm.deployedBytecode",
                "evm.methodIdentifiers",
                "metadata"
              ],
              "": [
                "ast"
              ]
            }
          }
        }
      },
      "imports": [],
      "versionPragmas": [
        "^0.8.0"
      ],
      "artifacts": [
        "SupplyChain"
      ]
    }
  }
}
